DocumentID,ClusterID
1,7
2,7
3,7
4,7
5,7
6,7
7,7
8,7
9,1
10,7
11,7
12,7
13,7
14,7
15,7
16,1
17,1
18,1
19,7
20,1
21,1
22,1
23,1
24,1
25,1
26,7
27,1
28,6
29,1
30,1
31,7
32,1
33,7
34,7
35,7
36,1
37,1
38,7
39,1
40,1
41,7
42,1
43,7
44,7
45,7
46,1
47,7
48,7
49,7
50,1
51,1
52,7
53,7
54,7
55,7
56,1
57,7
58,6
59,7
60,7
61,7
62,7
63,1
64,1
65,7
66,6
67,7
68,7
69,7
70,7
71,7
72,7
73,7
74,7
75,1
76,7
77,7
78,1
79,7
80,7
81,1
82,1
83,7
84,1
85,1
86,7
87,7
88,7
89,7
90,1
91,7
92,1
93,1
94,7
95,7
96,1
97,1
98,7
99,7
100,7
101,1
102,7
103,7
104,7
105,7
106,7
107,7
108,7
109,7
110,7
111,1
112,7
113,7
114,7
115,7
116,1
117,7
118,7
119,1
120,1
121,1
122,1
123,7
124,7
125,1
126,7
127,7
128,1
129,1
130,7
131,1
132,7
133,1
134,1
135,7
136,7
137,7
138,7
139,7
140,7
141,1
142,1
143,1
144,1
145,7
146,1
147,7
148,1
149,1
150,1
151,1
152,1
153,7
154,7
155,1
156,1
157,1
158,1
159,1
160,7
161,7
162,7
163,1
164,7
165,1
166,6
167,7
168,7
169,1
170,7
171,1
172,1
173,7
174,1
175,1
176,1
177,1
178,7
179,1
180,7
181,1
182,7
183,7
184,1
185,1
186,7
187,1
188,7
189,7
190,1
191,7
192,7
193,7
194,7
195,1
196,7
197,1
198,1
199,6
200,1
201,7
202,7
203,7
204,1
205,1
206,7
207,1
208,1
209,7
210,7
211,1
212,1
213,1
214,1
215,1
216,7
217,1
218,1
219,7
220,1
221,7
222,7
223,1
224,1
225,1
226,7
227,1
228,1
229,1
230,1
231,1
232,1
233,1
234,1
235,1
236,1
237,1
238,1
239,1
240,7
241,7
242,7
243,1
244,7
245,7
246,1
247,1
248,1
249,7
250,1
251,1
252,7
253,1
254,1
255,7
256,1
257,1
258,7
259,7
260,1
261,7
262,1
263,7
264,7
265,1
266,7
267,1
268,1
269,1
270,7
271,7
272,1
273,1
274,1
275,1
276,7
277,7
278,1
279,7
280,1
281,7
282,7
283,1
284,1
285,1
286,7
287,7
288,7
289,7
290,1
291,1
292,1
293,7
294,1
295,6
296,7
297,1
298,1
299,1
300,1
301,1
302,1
303,1
304,1
305,1
306,7
307,7
308,1
309,7
310,1
311,1
312,7
313,1
314,1
315,7
316,7
317,7
318,7
319,1
320,1
321,1
322,1
323,1
324,1
325,7
326,7
327,1
328,1
329,7
330,1
331,1
332,1
333,1
334,1
335,7
336,1
337,7
338,1
339,1
340,1
341,1
342,1
343,1
344,1
345,1
346,7
347,1
348,1
349,7
350,1
351,1
352,1
353,1
354,1
355,1
356,7
357,7
358,1
359,1
360,7
361,1
362,1
363,1
364,1
365,1
366,1
367,1
368,1
369,7
370,7
371,1
372,1
373,1
374,1
375,7
376,7
377,1
378,1
379,1
380,6
381,1
382,1
383,1
384,7
385,1
386,1
387,7
388,1
389,7
390,1
391,1
392,1
393,1
394,1
395,7
396,1
397,1
398,7
399,1
400,1
401,1
402,1
403,7
404,1
405,7
406,7
407,1
408,1
409,1
410,1
411,1
412,7
413,1
414,7
415,1
416,1
417,7
418,7
419,1
420,1
421,1
422,1
423,1
424,1
425,7
426,1
427,1
428,1
429,1
430,7
431,1
432,1
433,7
434,7
435,1
436,1
437,1
438,1
439,7
440,1
441,1
442,7
443,1
444,7
445,1
446,1
447,7
448,7
449,1
450,7
451,1
452,1
453,1
454,1
455,7
456,1
457,1
458,1
459,1
460,1
461,7
462,1
463,1
464,1
465,1
466,7
467,1
468,1
469,7
470,7
471,1
472,7
473,1
474,1
475,1
476,1
477,1
478,6
479,1
480,1
481,1
482,1
483,1
484,1
485,7
486,1
487,1
488,1
489,1
490,7
491,1
492,1
493,1
494,7
495,1
496,7
497,7
498,7
499,1
500,1
501,1
502,1
503,1
504,7
505,7
506,1
507,1
508,1
509,1
510,7
511,1
512,1
513,1
514,1
515,1
516,7
517,1
518,1
519,1
520,1
521,7
522,1
523,1
524,7
525,7
526,7
527,1
528,1
529,7
530,1
531,7
532,7
533,1
534,7
535,7
536,7
537,1
538,1
539,1
540,1
541,7
542,7
543,1
544,1
545,1
546,7
547,1
548,1
549,1
550,1
551,7
552,7
553,7
554,1
555,7
556,1
557,7
558,1
559,1
560,1
561,1
562,7
563,1
564,1
565,1
566,1
567,1
568,7
569,1
570,1
571,1
572,7
573,7
574,1
575,1
576,1
577,1
578,1
579,1
580,1
581,1
582,1
583,1
584,1
585,1
586,1
587,1
588,7
589,1
590,1
591,1
592,1
593,1
594,1
595,1
596,1
597,1
598,7
599,1
600,1
601,1
602,1
603,1
604,1
605,1
606,1
607,7
608,1
609,1
610,1
611,7
612,1
613,1
614,1
615,1
616,1
617,7
618,1
619,1
620,1
621,1
622,1
623,7
624,1
625,1
626,7
627,1
628,1
629,1
630,1
631,1
632,1
633,1
634,7
635,1
636,7
637,1
638,1
639,7
640,1
641,1
642,7
643,7
644,1
645,1
646,1
647,1
648,1
649,7
650,1
651,1
652,1
653,1
654,7
655,1
656,1
657,1
658,1
659,1
660,1
661,1
662,1
663,1
664,1
665,1
666,1
667,1
668,1
669,7
670,1
671,1
672,1
673,1
674,1
675,1
676,7
677,1
678,1
679,1
680,7
681,1
682,7
683,1
684,7
685,1
686,1
687,1
688,1
689,1
690,1
691,1
692,1
693,1
694,1
695,1
696,1
697,1
698,7
699,1
700,1
701,1
702,1
703,7
704,1
705,1
706,7
707,1
708,1
709,1
710,1
711,1
712,7
713,1
714,1
715,1
716,1
717,1
718,7
719,7
720,1
721,1
722,1
723,1
724,5
725,7
726,1
727,1
728,1
729,1
730,1
731,1
732,1
733,1
734,1
735,7
736,1
737,7
738,1
739,1
740,7
741,1
742,1
743,1
744,1
745,7
746,1
747,1
748,1
749,1
750,1
751,1
752,1
753,7
754,1
755,7
756,7
757,1
758,1
759,1
760,1
761,1
762,1
763,1
764,7
765,7
766,1
767,1
768,1
769,1
770,1
771,1
772,1
773,1
774,1
775,1
776,1
777,1
778,1
779,7
780,1
781,1
782,1
783,7
784,7
785,1
786,1
787,1
788,1
789,1
790,7
791,1
792,1
793,7
794,1
795,1
796,1
797,1
798,1
799,1
800,1
801,1
802,1
803,1
804,1
805,1
806,1
807,1
808,7
809,1
810,1
811,1
812,1
813,1
814,1
815,7
816,7
817,7
818,1
819,7
820,1
821,1
822,1
823,1
824,1
825,1
826,7
827,1
828,1
829,1
830,1
831,1
832,1
833,1
834,1
835,1
836,1
837,1
838,1
839,1
840,1
841,1
842,1
843,1
844,7
845,1
846,1
847,1
848,1
849,1
850,1
851,1
852,1
853,1
854,1
855,1
856,1
857,7
858,1
859,7
860,7
861,1
862,7
863,7
864,1
865,1
866,1
867,1
868,1
869,1
870,1
871,1
872,1
873,1
874,1
875,1
876,1
877,1
878,1
879,7
880,1
881,1
882,1
883,1
884,7
885,1
886,1
887,7
888,1
889,1
890,1
891,1
892,1
893,1
894,1
895,1
896,1
897,1
898,7
899,1
900,1
901,7
902,1
903,1
904,1
905,7
906,1
907,1
908,7
909,1
910,1
911,7
912,1
913,7
914,1
915,1
916,1
917,1
918,1
919,1
920,7
921,7
922,1
923,1
924,1
925,7
926,1
927,1
928,1
929,7
930,1
931,7
932,1
933,1
934,1
935,1
936,7
937,1
938,1
939,1
940,7
941,7
942,1
943,1
944,1
945,1
946,1
947,1
948,1
949,1
950,1
951,1
952,1
953,1
954,7
955,1
956,1
957,1
958,7
959,1
960,1
961,7
962,1
963,7
964,1
965,7
966,1
967,1
968,7
969,1
970,1
971,1
972,1
973,7
974,1
975,1
976,1
977,7
978,1
979,1
980,7
981,1
982,1
983,1
984,7
985,1
986,1
987,1
988,1
989,7
990,1
991,1
992,1
993,1
994,1
995,1
996,1
997,1
998,1
999,1
1000,1
1001,1
1002,7
1003,1
1004,1
1005,1
1006,7
1007,1
1008,1
1009,7
1010,1
1011,1
1012,1
1013,1
1014,1
1015,1
1016,7
1017,1
1018,1
1019,1
1020,7
1021,1
1022,1
1023,1
1024,1
1025,7
1026,1
1027,1
1028,1
1029,1
1030,1
1031,1
1032,1
1033,1
1034,1
1035,1
1036,1
1037,1
1038,1
1039,7
1040,7
1041,1
1042,1
1043,1
1044,1
1045,1
1046,1
1047,1
1048,1
1049,1
1050,1
1051,1
1052,1
1053,1
1054,1
1055,1
1056,1
1057,1
1058,1
1059,1
1060,1
1061,1
1062,1
1063,7
1064,1
1065,1
1066,1
1067,1
1068,1
1069,1
1070,7
1071,1
1072,1
1073,1
1074,1
1075,7
1076,1
1077,1
1078,1
1079,7
1080,7
1081,7
1082,7
1083,1
1084,1
1085,1
1086,1
1087,7
1088,1
1089,1
1090,1
1091,1
1092,7
1093,7
1094,1
1095,1
1096,1
1097,1
1098,1
1099,7
1100,7
1101,1
1102,1
1103,1
1104,1
1105,1
1106,7
1107,1
1108,1
1109,1
1110,1
1111,1
1112,1
1113,1
1114,1
1115,7
1116,1
1117,1
1118,1
1119,7
1120,1
1121,1
1122,7
1123,1
1124,1
1125,1
1126,1
1127,1
1128,1
1129,1
1130,1
1131,1
1132,1
1133,1
1134,1
1135,1
1136,1
1137,1
1138,7
1139,1
1140,1
1141,1
1142,1
1143,7
1144,7
1145,1
1146,1
1147,1
1148,1
1149,1
1150,7
1151,1
1152,1
1153,1
1154,1
1155,1
1156,1
1157,1
1158,1
1159,1
1160,1
1161,7
1162,1
1163,1
1164,7
1165,1
1166,1
1167,1
1168,1
1169,1
1170,7
1171,1
1172,1
1173,1
1174,1
1175,1
1176,1
1177,1
1178,1
1179,1
1180,7
1181,1
1182,1
1183,1
1184,7
1185,1
1186,1
1187,1
1188,1
1189,1
1190,1
1191,7
1192,1
1193,1
1194,1
1195,1
1196,7
1197,1
1198,1
1199,7
1200,1
1201,1
1202,1
1203,1
1204,1
1205,1
1206,1
1207,1
1208,1
1209,1
1210,7
1211,1
1212,1
1213,1
1214,7
1215,1
1216,1
1217,1
1218,1
1219,1
1220,1
1221,1
1222,1
1223,1
1224,1
1225,7
1226,1
1227,1
1228,1
1229,1
1230,1
1231,7
1232,1
1233,1
1234,7
1235,1
1236,1
1237,1
1238,1
1239,1
1240,7
1241,1
1242,1
1243,7
1244,1
1245,1
1246,1
1247,1
1248,7
1249,1
1250,7
1251,1
1252,1
1253,1
1254,1
1255,7
1256,7
1257,1
1258,1
1259,7
1260,1
1261,7
1262,1
1263,1
1264,7
1265,1
1266,1
1267,1
1268,1
1269,1
1270,1
1271,1
1272,1
1273,1
1274,1
1275,1
1276,1
1277,7
1278,1
1279,1
1280,1
1281,1
1282,1
1283,1
1284,7
1285,1
1286,7
1287,1
1288,1
1289,5
1290,1
1291,1
1292,1
1293,1
1294,1
1295,1
1296,1
1297,7
1298,1
1299,1
1300,1
1301,1
1302,1
1303,1
1304,1
1305,7
1306,7
1307,1
1308,1
1309,1
1310,1
1311,1
1312,1
1313,1
1314,1
1315,1
1316,1
1317,1
1318,1
1319,1
1320,1
1321,1
1322,1
1323,1
1324,1
1325,1
1326,1
1327,1
1328,1
1329,1
1330,1
1331,7
1332,1
1333,1
1334,1
1335,7
1336,7
1337,7
1338,1
1339,1
1340,1
1341,1
1342,1
1343,1
1344,1
1345,1
1346,1
1347,1
1348,1
1349,7
1350,1
1351,7
1352,1
1353,1
1354,1
1355,1
1356,1
1357,1
1358,7
1359,6
1360,1
1361,1
1362,1
1363,1
1364,7
1365,1
1366,7
1367,7
1368,1
1369,1
1370,7
1371,1
1372,1
1373,7
1374,1
1375,7
1376,1
1377,1
1378,1
1379,1
1380,1
1381,7
1382,1
1383,1
1384,1
1385,1
1386,1
1387,7
1388,1
1389,7
1390,7
1391,7
1392,1
1393,1
1394,7
1395,1
1396,7
1397,7
1398,1
1399,1
1400,1
1401,7
1402,1
1403,7
1404,1
1405,1
1406,1
1407,7
1408,1
1409,1
1410,1
1411,1
1412,7
1413,7
1414,1
1415,1
1416,7
1417,1
1418,7
1419,1
1420,7
1421,1
1422,1
1423,1
1424,1
1425,1
1426,7
1427,1
1428,1
1429,1
1430,1
1431,7
1432,1
1433,1
1434,1
1435,1
1436,1
1437,1
1438,7
1439,1
1440,7
1441,7
1442,7
1443,7
1444,1
1445,7
1446,1
1447,7
1448,7
1449,1
1450,1
1451,1
1452,1
1453,7
1454,1
1455,7
1456,7
1457,1
1458,1
1459,7
1460,1
1461,1
1462,1
1463,1
1464,7
1465,1
1466,1
1467,7
1468,7
1469,1
1470,1
1471,1
1472,1
1473,7
1474,1
1475,1
1476,1
1477,7
1478,1
1479,7
1480,1
1481,1
1482,1
1483,1
1484,1
1485,1
1486,1
1487,1
1488,1
1489,1
1490,1
1491,7
1492,7
1493,1
1494,1
1495,1
1496,1
1497,7
1498,1
1499,1
1500,1
1501,1
1502,1
1503,7
1504,7
1505,1
1506,1
1507,1
1508,1
1509,7
1510,1
1511,1
1512,1
1513,1
1514,1
1515,7
1516,7
1517,1
1518,1
1519,7
1520,1
1521,1
1522,1
1523,1
1524,1
1525,1
1526,1
1527,1
1528,7
1529,1
1530,1
1531,1
1532,1
1533,1
1534,7
1535,1
1536,7
1537,1
1538,1
1539,1
1540,1
1541,1
1542,7
1543,7
1544,1
1545,7
1546,7
1547,1
1548,7
1549,7
1550,1
1551,1
1552,1
1553,1
1554,1
1555,1
1556,1
1557,1
1558,1
1559,1
1560,1
1561,7
1562,7
1563,7
1564,1
1565,7
1566,1
1567,1
1568,1
1569,7
1570,1
1571,1
1572,1
1573,1
1574,1
1575,1
1576,1
1577,1
1578,1
1579,1
1580,7
1581,1
1582,1
1583,1
1584,1
1585,1
1586,7
1587,1
1588,1
1589,1
1590,1
1591,1
1592,7
1593,1
1594,1
1595,6
1596,1
1597,1
1598,1
1599,7
1600,1
1601,1
1602,7
1603,1
1604,1
1605,1
1606,7
1607,1
1608,1
1609,7
1610,1
1611,1
1612,1
1613,1
1614,7
1615,6
1616,1
1617,1
1618,1
1619,1
1620,7
1621,1
1622,1
1623,1
1624,1
1625,1
1626,1
1627,1
1628,1
1629,1
1630,1
1631,7
1632,1
1633,1
1634,7
1635,1
1636,1
1637,7
1638,1
1639,1
1640,1
1641,7
1642,1
1643,1
1644,1
1645,1
1646,1
1647,1
1648,1
1649,1
1650,1
1651,1
1652,1
1653,1
1654,1
1655,1
1656,1
1657,1
1658,7
1659,1
1660,1
1661,1
1662,1
1663,1
1664,7
1665,1
1666,1
1667,1
1668,1
1669,1
1670,1
1671,1
1672,1
1673,1
1674,1
1675,1
1676,1
1677,1
1678,1
1679,1
1680,1
1681,1
1682,1
1683,1
1684,1
1685,1
1686,1
1687,1
1688,7
1689,1
1690,7
1691,1
1692,1
1693,1
1694,7
1695,1
1696,1
1697,1
1698,1
1699,7
1700,1
1701,1
1702,1
1703,1
1704,1
1705,7
1706,1
1707,1
1708,1
1709,1
1710,1
1711,1
1712,1
1713,7
1714,1
1715,7
1716,1
1717,1
1718,1
1719,1
1720,1
1721,1
1722,1
1723,7
1724,1
1725,1
1726,6
1727,1
1728,1
1729,1
1730,1
1731,1
1732,1
1733,1
1734,1
1735,1
1736,1
1737,1
1738,1
1739,1
1740,1
1741,1
1742,1
1743,7
1744,1
1745,1
1746,7
1747,7
1748,1
1749,1
1750,7
1751,1
1752,1
1753,7
1754,1
1755,7
1756,1
1757,1
1758,1
1759,7
1760,7
1761,1
1762,1
1763,1
1764,1
1765,1
1766,7
1767,7
1768,1
1769,1
1770,1
1771,7
1772,1
1773,1
1774,1
1775,7
1776,7
1777,1
1778,1
1779,1
1780,1
1781,1
1782,1
1783,1
1784,1
1785,1
1786,1
1787,1
1788,1
1789,1
1790,1
1791,1
1792,1
1793,1
1794,7
1795,1
1796,1
1797,1
1798,1
1799,1
1800,1
1801,1
1802,7
1803,1
1804,1
1805,7
1806,1
1807,1
1808,1
1809,1
1810,7
1811,1
1812,1
1813,1
1814,1
1815,1
1816,7
1817,1
1818,7
1819,7
1820,1
1821,7
1822,1
1823,1
1824,1
1825,1
1826,7
1827,1
1828,1
1829,1
1830,1
1831,7
1832,7
1833,1
1834,1
1835,1
1836,1
1837,1
1838,7
1839,1
1840,1
1841,7
1842,1
1843,1
1844,1
1845,1
1846,1
1847,1
1848,1
1849,1
1850,1
1851,1
1852,1
1853,7
1854,1
1855,1
1856,7
1857,7
1858,7
1859,1
1860,7
1861,7
1862,7
1863,1
1864,1
1865,1
1866,1
1867,1
1868,1
1869,1
1870,7
1871,7
1872,1
1873,1
1874,7
1875,1
1876,1
1877,1
1878,1
1879,1
1880,1
1881,1
1882,1
1883,1
1884,1
1885,7
1886,1
1887,1
1888,1
1889,7
1890,7
1891,1
1892,1
1893,1
1894,1
1895,1
1896,1
1897,1
1898,1
1899,7
1900,7
1901,1
1902,1
1903,7
1904,1
1905,1
1906,1
1907,1
1908,7
1909,1
1910,1
1911,1
1912,1
1913,1
1914,1
1915,7
1916,1
1917,7
1918,1
1919,7
1920,7
1921,7
1922,7
1923,1
1924,1
1925,1
1926,7
1927,1
1928,1
1929,1
1930,1
1931,1
1932,1
1933,1
1934,7
1935,7
1936,1
1937,1
1938,1
1939,7
1940,1
1941,1
1942,7
1943,1
1944,1
1945,1
1946,1
1947,7
1948,1
1949,1
1950,1
1951,1
1952,1
1953,7
1954,7
1955,7
1956,1
1957,7
1958,7
1959,1
1960,1
1961,7
1962,1
1963,1
1964,1
1965,1
1966,1
1967,1
1968,1
1969,7
1970,1
1971,7
1972,1
1973,1
1974,7
1975,1
1976,1
1977,7
1978,1
1979,1
1980,7
1981,1
1982,1
1983,1
1984,7
1985,1
1986,1
1987,1
1988,1
1989,1
1990,1
1991,1
1992,1
1993,1
1994,1
1995,7
1996,1
1997,1
1998,1
1999,1
2000,7
2001,7
2002,1
2003,1
2004,1
2005,7
2006,1
2007,7
2008,1
2009,1
2010,1
2011,1
2012,1
2013,1
2014,5
2015,1
2016,1
2017,1
2018,1
2019,7
2020,1
2021,1
2022,7
2023,7
2024,7
2025,1
2026,1
2027,1
2028,1
2029,1
2030,1
2031,1
2032,1
2033,7
2034,1
2035,1
2036,1
2037,1
2038,7
2039,7
2040,7
2041,1
2042,1
2043,1
2044,7
2045,1
2046,1
2047,1
2048,7
2049,1
2050,7
2051,1
2052,1
2053,7
2054,1
2055,1
2056,7
2057,1
2058,1
2059,7
2060,1
2061,1
2062,1
2063,1
2064,7
2065,7
2066,1
2067,1
2068,7
2069,1
2070,1
2071,5
2072,1
2073,1
2074,7
2075,1
2076,5
2077,1
2078,5
2079,1
2080,1
2081,7
2082,7
2083,7
2084,1
2085,1
2086,7
2087,1
2088,5
2089,1
2090,1
2091,7
2092,7
2093,1
2094,1
2095,1
2096,1
2097,7
2098,1
2099,1
2100,1
2101,1
2102,1
2103,7
2104,1
2105,1
2106,7
2107,1
2108,1
2109,1
2110,1
2111,1
2112,1
2113,7
2114,1
2115,1
2116,1
2117,1
2118,7
2119,1
2120,1
2121,1
2122,5
2123,1
2124,7
2125,1
2126,1
2127,1
2128,1
2129,1
2130,1
2131,1
2132,1
2133,1
2134,7
2135,1
2136,7
2137,1
2138,7
2139,1
2140,1
2141,1
2142,7
2143,1
2144,1
2145,1
2146,1
2147,1
2148,1
2149,1
2150,1
2151,1
2152,1
2153,1
2154,7
2155,1
2156,1
2157,1
2158,7
2159,1
2160,1
2161,1
2162,1
2163,7
2164,1
2165,1
2166,1
2167,1
2168,1
2169,1
2170,1
2171,7
2172,1
2173,1
2174,7
2175,1
2176,7
2177,1
2178,1
2179,1
2180,1
2181,1
2182,1
2183,1
2184,1
2185,7
2186,1
2187,1
2188,7
2189,1
2190,1
2191,1
2192,1
2193,1
2194,1
2195,1
2196,1
2197,1
2198,1
2199,7
2200,1
2201,1
2202,1
2203,1
2204,1
2205,1
2206,1
2207,1
2208,1
2209,7
2210,7
2211,1
2212,1
2213,1
2214,1
2215,1
2216,1
2217,1
2218,7
2219,1
2220,1
2221,7
2222,1
2223,1
2224,7
2225,1
2226,7
2227,1
2228,1
2229,7
2230,1
2231,1
2232,1
2233,1
2234,1
2235,1
2236,1
2237,1
2238,1
2239,1
2240,1
2241,1
2242,7
2243,1
2244,1
2245,7
2246,7
2247,1
2248,1
2249,7
2250,1
2251,1
2252,7
2253,1
2254,1
2255,7
2256,1
2257,7
2258,1
2259,6
2260,1
2261,1
2262,1
2263,1
2264,1
2265,1
2266,1
2267,1
2268,1
2269,1
2270,1
2271,7
2272,1
2273,1
2274,7
2275,1
2276,1
2277,5
2278,1
2279,1
2280,1
2281,1
2282,1
2283,7
2284,1
2285,1
2286,1
2287,7
2288,1
2289,1
2290,1
2291,1
2292,7
2293,1
2294,7
2295,7
2296,1
2297,1
2298,1
2299,1
2300,7
2301,1
2302,1
2303,1
2304,1
2305,7
2306,5
2307,1
2308,7
2309,1
2310,1
2311,1
2312,7
2313,1
2314,1
2315,1
2316,1
2317,1
2318,1
2319,1
2320,1
2321,1
2322,1
2323,7
2324,1
2325,1
2326,1
2327,7
2328,6
2329,1
2330,7
2331,7
2332,1
2333,1
2334,1
2335,1
2336,1
2337,1
2338,1
2339,1
2340,1
2341,1
2342,1
2343,1
2344,1
2345,1
2346,1
2347,1
2348,1
2349,1
2350,7
2351,7
2352,1
2353,1
2354,1
2355,7
2356,1
2357,1
2358,5
2359,1
2360,1
2361,7
2362,1
2363,1
2364,1
2365,1
2366,1
2367,1
2368,7
2369,1
2370,1
2371,7
2372,1
2373,7
2374,1
2375,1
2376,1
2377,1
2378,7
2379,1
2380,1
2381,1
2382,7
2383,1
2384,1
2385,7
2386,1
2387,1
2388,6
2389,1
2390,1
2391,1
2392,1
2393,1
2394,6
2395,1
2396,1
2397,1
2398,7
2399,1
2400,1
2401,6
2402,7
2403,1
2404,1
2405,1
2406,1
2407,1
2408,1
2409,1
2410,7
2411,7
2412,1
2413,1
2414,1
2415,1
2416,1
2417,1
2418,7
2419,1
2420,1
2421,1
2422,1
2423,1
2424,1
2425,7
2426,1
2427,1
2428,1
2429,7
2430,1
2431,1
2432,1
2433,1
2434,1
2435,1
2436,1
2437,1
2438,1
2439,1
2440,1
2441,1
2442,1
2443,1
2444,1
2445,7
2446,1
2447,1
2448,7
2449,7
2450,1
2451,1
2452,1
2453,1
2454,7
2455,1
2456,7
2457,1
2458,1
2459,1
2460,1
2461,1
2462,1
2463,1
2464,1
2465,1
2466,1
2467,1
2468,1
2469,1
2470,1
2471,1
2472,1
2473,1
2474,1
2475,1
2476,1
2477,1
2478,1
2479,7
2480,1
2481,1
2482,1
2483,1
2484,1
2485,1
2486,7
2487,1
2488,1
2489,1
2490,7
2491,7
2492,7
2493,1
2494,1
2495,1
2496,1
2497,1
2498,7
2499,1
2500,7
2501,7
2502,1
2503,1
2504,1
2505,1
2506,1
2507,1
2508,1
2509,1
2510,1
2511,1
2512,1
2513,1
2514,1
2515,1
2516,1
2517,1
2518,1
2519,1
2520,1
2521,1
2522,1
2523,1
2524,1
2525,1
2526,1
2527,1
2528,1
2529,1
2530,1
2531,1
2532,7
2533,7
2534,1
2535,1
2536,7
2537,1
2538,1
2539,1
2540,7
2541,1
2542,1
2543,1
2544,1
2545,7
2546,1
2547,1
2548,1
2549,1
2550,1
2551,1
2552,1
2553,1
2554,1
2555,1
2556,7
2557,1
2558,1
2559,1
2560,1
2561,1
2562,1
2563,1
2564,1
2565,1
2566,7
2567,1
2568,7
2569,1
2570,7
2571,1
2572,7
2573,1
2574,1
2575,1
2576,1
2577,1
2578,1
2579,6
2580,1
2581,1
2582,1
2583,7
2584,7
2585,1
2586,1
2587,1
2588,1
2589,1
2590,1
2591,1
2592,1
2593,1
2594,1
2595,1
2596,1
2597,1
2598,6
2599,7
2600,1
2601,1
2602,1
2603,1
2604,7
2605,7
2606,1
2607,7
2608,1
2609,1
2610,1
2611,1
2612,1
2613,1
2614,1
2615,1
2616,7
2617,7
2618,1
2619,1
2620,1
2621,7
2622,1
2623,1
2624,1
2625,1
2626,7
2627,7
2628,1
2629,1
2630,1
2631,7
2632,1
2633,1
2634,7
2635,1
2636,1
2637,1
2638,1
2639,1
2640,1
2641,1
2642,7
2643,1
2644,1
2645,1
2646,1
2647,1
2648,1
2649,1
2650,1
2651,1
2652,7
2653,5
2654,1
2655,1
2656,1
2657,1
2658,1
2659,7
2660,1
2661,1
2662,1
2663,7
2664,7
2665,1
2666,1
2667,1
2668,1
2669,1
2670,1
2671,1
2672,1
2673,1
2674,1
2675,7
2676,7
2677,1
2678,1
2679,1
2680,7
2681,1
2682,1
2683,1
2684,1
2685,1
2686,1
2687,1
2688,7
2689,7
2690,7
2691,1
2692,1
2693,7
2694,1
2695,7
2696,1
2697,7
2698,1
2699,1
2700,1
2701,1
2702,1
2703,1
2704,1
2705,7
2706,1
2707,1
2708,1
2709,7
2710,1
2711,1
2712,1
2713,1
2714,1
2715,1
2716,1
2717,1
2718,1
2719,1
2720,7
2721,7
2722,7
2723,7
2724,1
2725,1
2726,1
2727,1
2728,1
2729,7
2730,6
2731,7
2732,1
2733,7
2734,1
2735,1
2736,1
2737,1
2738,1
2739,1
2740,1
2741,7
2742,1
2743,1
2744,1
2745,1
2746,1
2747,1
2748,1
2749,7
2750,7
2751,1
2752,1
2753,7
2754,7
2755,7
2756,1
2757,1
2758,1
2759,1
2760,1
2761,1
2762,1
2763,1
2764,1
2765,1
2766,1
2767,1
2768,1
2769,1
2770,1
2771,1
2772,1
2773,7
2774,1
2775,1
2776,1
2777,1
2778,1
2779,7
2780,7
2781,1
2782,1
2783,1
2784,7
2785,1
2786,1
2787,1
2788,7
2789,7
2790,1
2791,7
2792,1
2793,1
2794,7
2795,1
2796,1
2797,1
2798,1
2799,1
2800,1
2801,7
2802,7
2803,1
2804,1
2805,1
2806,1
2807,1
2808,1
2809,1
2810,1
2811,7
2812,1
2813,1
2814,1
2815,1
2816,1
2817,1
2818,1
2819,1
2820,1
2821,1
2822,1
2823,1
2824,1
2825,1
2826,1
2827,1
2828,1
2829,1
2830,1
2831,6
2832,1
2833,1
2834,1
2835,1
2836,7
2837,1
2838,7
2839,1
2840,1
2841,1
2842,7
2843,1
2844,7
2845,1
2846,1
2847,1
2848,1
2849,5
2850,1
2851,7
2852,7
2853,1
2854,1
2855,7
2856,7
2857,1
2858,1
2859,1
2860,1
2861,1
2862,7
2863,1
2864,1
2865,1
2866,1
2867,1
2868,1
2869,1
2870,7
2871,7
2872,1
2873,1
2874,1
2875,5
2876,1
2877,1
2878,7
2879,1
2880,1
2881,7
2882,5
2883,1
2884,1
2885,1
2886,1
2887,7
2888,1
2889,7
2890,7
2891,1
2892,1
2893,1
2894,6
2895,1
2896,1
2897,1
2898,1
2899,7
2900,1
2901,1
2902,1
2903,6
2904,7
2905,7
2906,1
2907,1
2908,1
2909,7
2910,1
2911,1
2912,1
2913,7
2914,7
2915,1
2916,1
2917,1
2918,7
2919,7
2920,1
2921,1
2922,7
2923,7
2924,7
2925,1
2926,1
2927,1
2928,7
2929,1
2930,7
2931,7
2932,7
2933,1
2934,1
2935,1
2936,7
2937,1
2938,7
2939,1
2940,1
2941,7
2942,1
2943,1
2944,1
2945,7
2946,6
2947,1
2948,7
2949,6
2950,1
2951,1
2952,1
2953,1
2954,6
2955,1
2956,6
2957,6
2958,1
2959,1
2960,7
2961,7
2962,6
2963,1
2964,6
2965,7
2966,7
2967,1
2968,1
2969,1
2970,1
2971,1
2972,1
2973,7
2974,7
2975,7
2976,1
2977,1
2978,7
2979,7
2980,6
2981,6
2982,7
2983,5
2984,6
2985,7
2986,1
2987,7
2988,1
2989,1
2990,6
2991,7
2992,7
2993,7
2994,7
2995,7
2996,1
2997,7
2998,1
2999,1
3000,7
3001,1
3002,6
3003,1
3004,1
3005,7
3006,7
3007,5
3008,1
3009,6
3010,7
3011,7
3012,1
3013,1
3014,7
3015,6
3016,1
3017,7
3018,7
3019,7
3020,1
3021,1
3022,7
3023,1
3024,1
3025,7
3026,1
3027,1
3028,7
3029,7
3030,1
3031,6
3032,7
3033,1
3034,7
3035,7
3036,7
3037,7
3038,7
3039,7
3040,7
3041,1
3042,1
3043,7
3044,7
3045,7
3046,7
3047,1
3048,1
3049,7
3050,5
3051,1
3052,6
3053,1
3054,1
3055,7
3056,7
3057,7
3058,6
3059,1
3060,1
3061,1
3062,7
3063,1
3064,7
3065,6
3066,1
3067,7
3068,1
3069,1
3070,7
3071,7
3072,7
3073,1
3074,1
3075,1
3076,1
3077,6
3078,7
3079,7
3080,1
3081,1
3082,1
3083,1
3084,7
3085,1
3086,1
3087,1
3088,1
3089,1
3090,1
3091,1
3092,1
3093,1
3094,1
3095,7
3096,1
3097,1
3098,1
3099,1
3100,1
3101,1
3102,5
3103,1
3104,1
3105,6
3106,7
3107,1
3108,1
3109,7
3110,6
3111,7
3112,7
3113,7
3114,1
3115,1
3116,7
3117,1
3118,7
3119,1
3120,6
3121,7
3122,7
3123,1
3124,1
3125,1
3126,1
3127,6
3128,1
3129,1
3130,1
3131,1
3132,7
3133,6
3134,1
3135,1
3136,7
3137,7
3138,7
3139,6
3140,1
3141,7
3142,1
3143,7
3144,7
3145,1
3146,1
3147,1
3148,7
3149,5
3150,1
3151,7
3152,1
3153,1
3154,1
3155,1
3156,5
3157,6
3158,1
3159,7
3160,1
3161,1
3162,7
3163,1
3164,1
3165,7
3166,7
3167,1
3168,6
3169,7
3170,6
3171,5
3172,7
3173,1
3174,7
3175,1
3176,7
3177,1
3178,1
3179,1
3180,1
3181,1
3182,7
3183,1
3184,7
3185,1
3186,7
3187,1
3188,1
3189,7
3190,7
3191,7
3192,1
3193,7
3194,1
3195,7
3196,7
3197,7
3198,1
3199,7
3200,1
3201,1
3202,1
3203,1
3204,7
3205,1
3206,7
3207,7
3208,1
3209,1
3210,7
3211,7
3212,7
3213,1
3214,1
3215,1
3216,7
3217,7
3218,1
3219,7
3220,1
3221,7
3222,7
3223,7
3224,7
3225,7
3226,1
3227,7
3228,1
3229,7
3230,1
3231,1
3232,1
3233,7
3234,7
3235,7
3236,7
3237,7
3238,7
3239,7
3240,7
3241,7
3242,6
3243,7
3244,7
3245,1
3246,7
3247,7
3248,7
3249,1
3250,1
3251,1
3252,1
3253,7
3254,7
3255,7
3256,7
3257,7
3258,7
3259,1
3260,1
3261,7
3262,7
3263,1
3264,7
3265,7
3266,7
3267,7
3268,1
3269,7
3270,7
3271,1
3272,7
3273,1
3274,7
3275,1
3276,7
3277,7
3278,7
3279,7
3280,7
3281,7
3282,7
3283,7
3284,7
3285,7
3286,7
3287,6
3288,7
3289,7
3290,1
3291,1
3292,7
3293,1
3294,1
3295,1
3296,7
3297,1
3298,5
3299,7
3300,7
3301,1
3302,7
3303,7
3304,1
3305,1
3306,1
3307,6
3308,7
3309,7
3310,6
3311,7
3312,1
3313,6
3314,7
3315,7
3316,7
3317,7
3318,7
3319,1
3320,7
3321,7
3322,7
3323,7
3324,7
3325,7
3326,1
3327,5
3328,7
3329,7
3330,1
3331,7
3332,7
3333,7
3334,7
3335,1
3336,7
3337,1
3338,7
3339,1
3340,7
3341,7
3342,7
3343,7
3344,7
3345,7
3346,7
3347,7
3348,7
3349,7
3350,7
3351,7
3352,7
3353,7
3354,7
3355,7
3356,7
3357,7
3358,7
3359,7
3360,1
3361,1
3362,7
3363,7
3364,7
3365,7
3366,7
3367,7
3368,7
3369,7
3370,7
3371,7
3372,7
3373,7
3374,7
3375,7
3376,7
3377,7
3378,7
3379,7
3380,7
3381,7
3382,7
3383,1
3384,6
3385,6
3386,5
3387,1
3388,7
3389,7
3390,7
3391,7
3392,7
3393,7
3394,7
3395,1
3396,7
3397,7
3398,7
3399,7
3400,1
3401,7
3402,7
3403,7
3404,7
3405,7
3406,7
3407,7
3408,7
3409,7
3410,7
3411,7
3412,7
3413,5
3414,5
3415,5
3416,3
3417,5
3418,5
3419,5
3420,3
3421,5
3422,3
3423,3
3424,3
3425,3
3426,5
3427,7
3428,5
3429,3
3430,3
3431,3
3432,7
3433,5
3434,3
3435,3
3436,3
3437,7
3438,5
3439,5
3440,7
3441,3
3442,5
3443,7
3444,7
3445,3
3446,7
3447,3
3448,5
3449,3
3450,7
3451,3
3452,5
3453,5
3454,3
3455,5
3456,3
3457,5
3458,3
3459,5
3460,7
3461,3
3462,5
3463,3
3464,5
3465,7
3466,3
3467,5
3468,5
3469,3
3470,3
3471,3
3472,7
3473,3
3474,3
3475,3
3476,3
3477,3
3478,5
3479,3
3480,5
3481,3
3482,3
3483,3
3484,5
3485,7
3486,5
3487,7
3488,5
3489,7
3490,5
3491,5
3492,5
3493,5
3494,3
3495,7
3496,3
3497,3
3498,5
3499,3
3500,7
3501,3
3502,3
3503,3
3504,5
3505,3
3506,5
3507,3
3508,7
3509,3
3510,3
3511,3
3512,5
3513,5
3514,5
3515,5
3516,3
3517,7
3518,3
3519,5
3520,7
3521,5
3522,3
3523,7
3524,3
3525,3
3526,3
3527,7
3528,5
3529,3
3530,3
3531,5
3532,5
3533,3
3534,3
3535,3
3536,5
3537,3
3538,7
3539,5
3540,3
3541,7
3542,3
3543,3
3544,5
3545,3
3546,3
3547,3
3548,3
3549,3
3550,5
3551,3
3552,5
3553,7
3554,3
3555,3
3556,3
3557,5
3558,3
3559,3
3560,7
3561,7
3562,3
3563,5
3564,5
3565,5
3566,5
3567,5
3568,3
3569,3
3570,5
3571,3
3572,3
3573,3
3574,5
3575,5
3576,3
3577,5
3578,5
3579,3
3580,7
3581,3
3582,7
3583,3
3584,7
3585,3
3586,5
3587,5
3588,3
3589,5
3590,6
3591,5
3592,3
3593,6
3594,7
3595,3
3596,6
3597,5
3598,6
3599,5
3600,6
3601,5
3602,3
3603,5
3604,5
3605,3
3606,3
3607,5
3608,3
3609,5
3610,3
3611,3
3612,3
3613,5
3614,3
3615,3
3616,7
3617,5
3618,5
3619,3
3620,5
3621,7
3622,3
3623,5
3624,3
3625,3
3626,5
3627,5
3628,3
3629,5
3630,3
3631,7
3632,3
3633,3
3634,5
3635,3
3636,7
3637,6
3638,7
3639,3
3640,6
3641,6
3642,5
3643,6
3644,3
3645,3
3646,7
3647,5
3648,5
3649,5
3650,6
3651,3
3652,3
3653,7
3654,5
3655,3
3656,5
3657,3
3658,3
3659,7
3660,3
3661,5
3662,3
3663,3
3664,3
3665,3
3666,3
3667,3
3668,5
3669,3
3670,3
3671,3
3672,3
3673,2
3674,7
3675,7
3676,5
3677,7
3678,3
3679,7
3680,3
3681,7
3682,3
3683,7
3684,7
3685,3
3686,3
3687,7
3688,3
3689,3
3690,3
3691,7
3692,5
3693,6
3694,5
3695,6
3696,3
3697,3
3698,3
3699,3
3700,7
3701,7
3702,3
3703,3
3704,7
3705,4
3706,5
3707,3
3708,3
3709,7
3710,7
3711,3
3712,3
3713,3
3714,3
3715,3
3716,5
3717,3
3718,3
3719,3
3720,7
3721,7
3722,7
3723,3
3724,3
3725,5
3726,7
3727,7
3728,3
3729,3
3730,7
3731,3
3732,3
3733,7
3734,7
3735,7
3736,3
3737,7
3738,7
3739,7
3740,7
3741,3
3742,3
3743,7
3744,7
3745,7
3746,3
3747,7
3748,3
3749,7
3750,3
3751,7
3752,3
3753,7
3754,7
3755,3
3756,7
3757,7
3758,7
3759,7
3760,7
3761,7
3762,7
3763,7
3764,7
3765,6
3766,3
3767,3
3768,7
3769,6
3770,7
3771,7
3772,7
3773,7
3774,3
3775,3
3776,3
3777,3
3778,7
3779,3
3780,7
3781,3
3782,3
3783,3
3784,3
3785,3
3786,3
3787,3
3788,3
3789,3
3790,3
3791,3
3792,3
3793,3
3794,3
3795,3
3796,3
3797,3
3798,3
3799,3
3800,7
3801,3
3802,3
3803,7
3804,3
3805,3
3806,3
3807,7
3808,3
3809,3
3810,3
3811,3
3812,3
3813,3
3814,7
3815,3
3816,3
3817,7
3818,7
3819,7
3820,7
3821,3
3822,7
3823,3
3824,3
3825,7
3826,3
3827,3
3828,3
3829,3
3830,3
3831,3
3832,7
3833,6
3834,3
3835,7
3836,7
3837,3
3838,7
3839,7
3840,7
3841,3
3842,7
3843,7
3844,3
3845,7
3846,7
3847,3
3848,3
3849,3
3850,3
3851,3
3852,5
3853,3
3854,3
3855,3
3856,3
3857,7
3858,3
3859,7
3860,7
3861,7
3862,3
3863,7
3864,7
3865,3
3866,3
3867,7
3868,7
3869,3
3870,7
3871,7
3872,7
3873,3
3874,3
3875,3
3876,7
3877,7
3878,3
3879,3
3880,7
3881,3
3882,5
3883,7
3884,3
3885,7
3886,7
3887,7
3888,3
3889,7
3890,7
3891,7
3892,7
3893,7
3894,3
3895,7
3896,7
3897,7
3898,3
3899,7
3900,7
3901,6
3902,3
3903,3
3904,7
3905,6
3906,3
3907,6
3908,3
3909,3
3910,3
3911,5
3912,7
3913,3
3914,7
3915,3
3916,7
3917,5
3918,7
3919,3
3920,3
3921,3
3922,7
3923,3
3924,7
3925,7
3926,3
3927,7
3928,7
3929,3
3930,7
3931,7
3932,3
3933,3
3934,3
3935,7
3936,3
3937,7
3938,7
3939,3
3940,3
3941,7
3942,3
3943,3
3944,7
3945,3
3946,3
3947,3
3948,3
3949,3
3950,3
3951,3
3952,3
3953,3
3954,3
3955,7
3956,3
3957,3
3958,3
3959,3
3960,3
3961,7
3962,7
3963,3
3964,3
3965,3
3966,3
3967,7
3968,3
3969,7
3970,7
3971,7
3972,3
3973,3
3974,3
3975,3
3976,5
3977,7
3978,3
3979,3
3980,7
3981,3
3982,7
3983,7
3984,3
3985,3
3986,3
3987,7
3988,3
3989,5
3990,5
3991,5
3992,3
3993,3
3994,3
3995,3
3996,3
3997,5
3998,3
3999,7
4000,5
4001,3
4002,3
4003,5
4004,3
4005,3
4006,3
4007,3
4008,7
4009,3
4010,3
4011,3
4012,7
4013,3
4014,3
4015,3
4016,3
4017,3
4018,3
4019,3
4020,3
4021,7
4022,3
4023,3
4024,7
4025,3
4026,7
4027,7
4028,3
4029,3
4030,3
4031,3
4032,3
4033,3
4034,3
4035,3
4036,3
4037,3
4038,3
4039,7
4040,3
4041,7
4042,3
4043,3
4044,3
4045,3
4046,3
4047,3
4048,3
4049,3
4050,3
4051,3
4052,3
4053,3
4054,7
4055,3
4056,3
4057,7
4058,3
4059,7
4060,3
4061,3
4062,3
4063,3
4064,3
4065,3
4066,7
4067,3
4068,3
4069,3
4070,7
4071,3
4072,7
4073,3
4074,3
4075,3
4076,3
4077,3
4078,3
4079,3
4080,7
4081,3
4082,3
4083,3
4084,5
4085,3
4086,3
4087,7
4088,3
4089,3
4090,3
4091,3
4092,3
4093,3
4094,3
4095,3
4096,5
4097,3
4098,3
4099,7
4100,3
4101,7
4102,7
4103,3
4104,3
4105,5
4106,3
4107,3
4108,3
4109,3
4110,3
4111,7
4112,3
4113,3
4114,3
4115,5
4116,3
4117,3
4118,3
4119,7
4120,3
4121,3
4122,3
4123,3
4124,3
4125,3
4126,3
4127,3
4128,3
4129,3
4130,3
4131,3
4132,3
4133,3
4134,3
4135,3
4136,3
4137,5
4138,7
4139,5
4140,5
4141,5
4142,3
4143,7
4144,5
4145,6
4146,3
4147,7
4148,3
4149,7
4150,5
4151,5
4152,3
4153,5
4154,5
4155,3
4156,7
4157,5
4158,7
4159,5
4160,3
4161,7
4162,3
4163,5
4164,6
4165,3
4166,7
4167,3
4168,5
4169,3
4170,7
4171,3
4172,3
4173,5
4174,5
4175,5
4176,5
4177,3
4178,5
4179,5
4180,5
4181,3
4182,5
4183,5
4184,3
4185,5
4186,3
4187,3
4188,5
4189,5
4190,3
4191,7
4192,5
4193,5
4194,3
4195,7
4196,3
4197,5
4198,7
4199,3
4200,5
4201,3
4202,7
4203,3
4204,7
4205,5
4206,5
4207,5
4208,5
4209,5
4210,7
4211,3
4212,5
4213,3
4214,7
4215,3
4216,3
4217,5
4218,7
4219,3
4220,5
4221,3
4222,3
4223,3
4224,5
4225,3
4226,5
4227,7
4228,5
4229,5
4230,5
4231,3
4232,3
4233,6
4234,5
4235,5
4236,5
4237,5
4238,5
4239,5
4240,5
4241,3
4242,3
4243,5
4244,7
4245,5
4246,3
4247,3
4248,5
4249,5
4250,5
4251,5
4252,3
4253,5
4254,5
4255,5
4256,7
4257,7
4258,5
4259,3
4260,7
4261,5
4262,5
4263,3
4264,5
4265,5
4266,3
4267,5
4268,3
4269,5
4270,5
4271,5
4272,5
4273,5
4274,5
4275,7
4276,3
4277,5
4278,5
4279,3
4280,7
4281,5
4282,5
4283,7
4284,5
4285,3
4286,3
4287,5
4288,6
4289,7
4290,7
4291,7
4292,7
4293,3
4294,3
4295,5
4296,3
4297,5
4298,7
4299,3
4300,3
4301,5
4302,6
4303,5
4304,5
4305,5
4306,7
4307,3
4308,5
4309,5
4310,3
4311,6
4312,5
4313,5
4314,5
4315,5
4316,3
4317,5
4318,5
4319,5
4320,3
4321,5
4322,3
4323,3
4324,5
4325,3
4326,3
4327,3
4328,5
4329,5
4330,7
4331,3
4332,5
4333,7
4334,5
4335,3
4336,5
4337,5
4338,3
4339,5
4340,5
4341,3
4342,5
4343,3
4344,5
4345,3
4346,5
4347,5
4348,5
4349,3
4350,5
4351,5
4352,5
4353,5
4354,5
4355,3
4356,3
4357,5
4358,5
4359,5
4360,5
4361,7
4362,3
4363,3
4364,5
4365,5
4366,5
4367,5
4368,3
4369,7
4370,5
4371,5
4372,5
4373,3
4374,5
4375,5
4376,5
4377,3
4378,7
4379,5
4380,7
4381,5
4382,5
4383,5
4384,5
4385,5
4386,3
4387,5
4388,5
4389,5
4390,5
4391,5
4392,3
4393,5
4394,5
4395,5
4396,5
4397,5
4398,3
4399,3
4400,3
4401,5
4402,5
4403,5
4404,5
4405,3
4406,3
4407,5
4408,7
4409,3
4410,5
4411,7
4412,5
4413,5
4414,5
4415,5
4416,3
4417,5
4418,7
4419,5
4420,5
4421,3
4422,3
4423,3
4424,5
4425,5
4426,7
4427,3
4428,5
4429,3
4430,5
4431,3
4432,5
4433,3
4434,5
4435,3
4436,5
4437,3
4438,3
4439,5
4440,5
4441,5
4442,3
4443,1
4444,5
4445,5
4446,5
4447,7
4448,3
4449,5
4450,5
4451,7
4452,3
4453,7
4454,5
4455,5
4456,3
4457,3
4458,5
4459,5
4460,7
4461,7
4462,3
4463,3
4464,5
4465,5
4466,3
4467,7
4468,5
4469,5
4470,5
4471,5
4472,3
4473,5
4474,5
4475,3
4476,3
4477,5
4478,5
4479,5
4480,5
4481,5
4482,5
4483,3
4484,5
4485,5
4486,7
4487,5
4488,5
4489,3
4490,5
4491,3
4492,5
4493,3
4494,5
4495,5
4496,3
4497,7
4498,5
4499,7
4500,5
4501,5
4502,7
4503,3
4504,5
4505,3
4506,5
4507,7
4508,7
4509,5
4510,5
4511,3
4512,5
4513,5
4514,5
4515,7
4516,5
4517,5
4518,5
4519,3
4520,7
4521,5
4522,5
4523,3
4524,3
4525,7
4526,5
4527,5
4528,5
4529,7
4530,5
4531,3
4532,1
4533,7
4534,5
4535,5
4536,3
4537,5
4538,5
4539,5
4540,5
4541,7
4542,3
4543,7
4544,5
4545,5
4546,3
4547,3
4548,5
4549,5
4550,3
4551,5
4552,3
4553,5
4554,5
4555,3
4556,5
4557,5
4558,7
4559,3
4560,5
4561,5
4562,5
4563,7
4564,3
4565,5
4566,7
4567,3
4568,3
4569,3
4570,5
4571,7
4572,3
4573,3
4574,5
4575,7
4576,5
4577,5
4578,5
4579,5
4580,3
4581,5
4582,5
4583,5
4584,7
4585,5
4586,3
4587,5
4588,5
4589,3
4590,3
4591,5
4592,7
4593,5
4594,5
4595,3
4596,3
4597,7
4598,5
4599,5
4600,5
4601,3
4602,5
4603,5
4604,3
4605,7
4606,3
4607,5
4608,5
4609,5
4610,7
4611,5
4612,5
4613,5
4614,3
4615,5
4616,7
4617,3
4618,7
4619,3
4620,5
4621,5
4622,5
4623,3
4624,7
4625,5
4626,3
4627,3
4628,5
4629,5
4630,5
4631,5
4632,3
4633,3
4634,5
4635,5
4636,5
4637,5
4638,7
4639,5
4640,5
4641,3
4642,3
4643,7
4644,5
4645,5
4646,5
4647,5
4648,5
4649,5
4650,3
4651,5
4652,5
4653,3
4654,5
4655,5
4656,7
4657,5
4658,5
4659,3
4660,7
4661,5
4662,3
4663,5
4664,5
4665,3
4666,5
4667,3
4668,5
4669,5
4670,7
4671,7
4672,3
4673,3
4674,5
4675,5
4676,3
4677,5
4678,7
4679,5
4680,3
4681,5
4682,5
4683,3
4684,3
4685,5
4686,5
4687,7
4688,5
4689,5
4690,3
4691,5
4692,5
4693,3
4694,5
4695,5
4696,3
4697,3
4698,5
4699,5
4700,3
4701,3
4702,5
4703,5
4704,3
4705,5
4706,3
4707,5
4708,7
4709,5
4710,3
4711,7
4712,7
4713,5
4714,3
4715,5
4716,3
4717,5
4718,5
4719,5
4720,3
4721,3
4722,5
4723,5
4724,5
4725,3
4726,5
4727,5
4728,5
4729,3
4730,3
4731,5
4732,3
4733,7
4734,3
4735,7
4736,3
4737,5
4738,5
4739,3
4740,3
4741,5
4742,5
4743,7
4744,5
4745,5
4746,7
4747,3
4748,3
4749,5
4750,3
4751,5
4752,3
4753,5
4754,5
4755,5
4756,3
4757,3
4758,5
4759,5
4760,5
4761,5
4762,5
4763,5
4764,5
4765,3
4766,5
4767,3
4768,7
4769,5
4770,5
4771,5
4772,3
4773,5
4774,7
4775,3
4776,5
4777,3
4778,7
4779,5
4780,5
4781,3
4782,3
4783,7
4784,5
4785,3
4786,5
4787,5
4788,3
4789,5
4790,5
4791,3
4792,5
4793,7
4794,3
4795,5
4796,7
4797,5
4798,3
4799,5
4800,3
4801,5
4802,5
4803,5
4804,5
4805,3
4806,5
4807,7
4808,5
4809,5
4810,5
4811,5
4812,3
4813,5
4814,3
4815,5
4816,5
4817,3
4818,3
4819,5
4820,5
4821,5
4822,7
4823,4
4824,7
4825,4
4826,7
4827,7
4828,7
4829,4
4830,7
4831,7
4832,7
4833,7
4834,7
4835,7
4836,7
4837,7
4838,7
4839,7
4840,4
4841,7
4842,7
4843,7
4844,5
4845,7
4846,4
4847,4
4848,4
4849,4
4850,7
4851,7
4852,7
4853,7
4854,7
4855,7
4856,4
4857,7
4858,7
4859,4
4860,6
4861,6
4862,7
4863,7
4864,6
4865,4
4866,7
4867,6
4868,4
4869,6
4870,7
4871,7
4872,4
4873,4
4874,7
4875,4
4876,6
4877,7
4878,7
4879,4
4880,4
4881,4
4882,7
4883,7
4884,7
4885,6
4886,4
4887,7
4888,4
4889,7
4890,7
4891,6
4892,4
4893,7
4894,7
4895,6
4896,7
4897,7
4898,7
4899,7
4900,7
4901,7
4902,7
4903,7
4904,6
4905,7
4906,7
4907,5
4908,5
4909,7
4910,5
4911,5
4912,5
4913,7
4914,6
4915,7
4916,6
4917,7
4918,7
4919,7
4920,7
4921,4
4922,4
4923,4
4924,7
4925,4
4926,4
4927,7
4928,7
4929,4
4930,4
4931,4
4932,7
4933,7
4934,7
4935,6
4936,7
4937,7
4938,7
4939,7
4940,7
4941,4
4942,7
4943,7
4944,7
4945,4
4946,4
4947,4
4948,4
4949,4
4950,4
4951,7
4952,7
4953,4
4954,7
4955,7
4956,7
4957,7
4958,7
4959,4
4960,7
4961,4
4962,4
4963,7
4964,7
4965,4
4966,7
4967,7
4968,5
4969,7
4970,7
4971,7
4972,4
4973,4
4974,7
4975,7
4976,7
4977,7
4978,5
4979,7
4980,7
4981,7
4982,5
4983,7
4984,7
4985,7
4986,7
4987,7
4988,7
4989,7
4990,7
4991,7
4992,7
4993,7
4994,7
4995,4
4996,4
4997,4
4998,7
4999,4
5000,7
5001,7
5002,7
5003,4
5004,7
5005,7
5006,4
5007,4
5008,4
5009,7
5010,7
5011,4
5012,4
5013,4
5014,4
5015,4
5016,7
5017,5
5018,7
5019,7
5020,7
5021,7
5022,4
5023,4
5024,5
5025,4
5026,7
5027,7
5028,7
5029,5
5030,7
5031,5
5032,7
5033,7
5034,7
5035,7
5036,7
5037,7
5038,7
5039,7
5040,5
5041,7
5042,7
5043,7
5044,7
5045,7
5046,4
5047,4
5048,4
5049,4
5050,4
5051,7
5052,7
5053,4
5054,7
5055,4
5056,4
5057,4
5058,7
5059,7
5060,4
5061,7
5062,4
5063,4
5064,4
5065,4
5066,4
5067,4
5068,4
5069,4
5070,7
5071,4
5072,4
5073,7
5074,6
5075,7
5076,4
5077,4
5078,7
5079,4
5080,4
5081,7
5082,4
5083,7
5084,4
5085,7
5086,4
5087,7
5088,4
5089,4
5090,4
5091,5
5092,5
5093,7
5094,5
5095,7
5096,4
5097,4
5098,4
5099,5
5100,4
5101,7
5102,4
5103,7
5104,5
5105,4
5106,5
5107,5
5108,4
5109,6
5110,5
5111,5
5112,7
5113,4
5114,7
5115,7
5116,7
5117,7
5118,7
5119,7
5120,4
5121,7
5122,4
5123,4
5124,7
5125,7
5126,4
5127,7
5128,7
5129,4
5130,4
5131,7
5132,7
5133,4
5134,4
5135,4
5136,4
5137,4
5138,7
5139,7
5140,4
5141,5
5142,4
5143,7
5144,5
5145,5
5146,4
5147,4
5148,7
5149,7
5150,4
5151,4
5152,7
5153,7
5154,4
5155,7
5156,4
5157,4
5158,4
5159,7
5160,5
5161,4
5162,4
5163,4
5164,5
5165,4
5166,4
5167,7
5168,4
5169,4
5170,4
5171,5
5172,5
5173,4
5174,4
5175,5
5176,6
5177,4
5178,7
5179,7
5180,5
5181,6
5182,4
5183,3
5184,7
5185,7
5186,7
5187,5
5188,7
5189,5
5190,5
5191,7
5192,5
5193,7
5194,5
5195,5
5196,5
5197,5
5198,7
5199,4
5200,4
5201,5
5202,7
5203,5
5204,4
5205,4
5206,5
5207,4
5208,7
5209,7
5210,4
5211,7
5212,5
5213,6
5214,7
5215,4
5216,7
5217,7
5218,4
5219,4
5220,4
5221,4
5222,7
5223,7
5224,4
5225,4
5226,7
5227,4
5228,4
5229,5
5230,5
5231,4
5232,4
5233,7
5234,5
5235,5
5236,4
5237,4
5238,5
5239,4
5240,7
5241,7
5242,5
5243,7
5244,4
5245,4
5246,4
5247,4
5248,5
5249,4
5250,7
5251,4
5252,7
5253,4
5254,4
5255,4
5256,4
5257,4
5258,4
5259,7
5260,7
5261,5
5262,5
5263,5
5264,4
5265,5
5266,5
5267,5
5268,4
5269,7
5270,4
5271,4
5272,7
5273,7
5274,4
5275,4
5276,5
5277,4
5278,7
5279,7
5280,6
5281,7
5282,4
5283,7
5284,7
5285,4
5286,4
5287,7
5288,7
5289,5
5290,7
5291,4
5292,7
5293,7
5294,5
5295,5
5296,5
5297,7
5298,5
5299,5
5300,7
5301,7
5302,5
5303,4
5304,5
5305,4
5306,7
5307,6
5308,7
5309,7
5310,4
5311,4
5312,7
5313,7
5314,7
5315,4
5316,4
5317,4
5318,4
5319,4
5320,4
5321,7
5322,4
5323,7
5324,7
5325,7
5326,5
5327,4
5328,7
5329,7
5330,4
5331,7
5332,4
5333,4
5334,7
5335,7
5336,4
5337,4
5338,7
5339,7
5340,7
5341,7
5342,7
5343,7
5344,4
5345,5
5346,4
5347,4
5348,4
5349,4
5350,4
5351,4
5352,4
5353,4
5354,4
5355,7
5356,7
5357,4
5358,4
5359,4
5360,5
5361,7
5362,4
5363,4
5364,7
5365,4
5366,4
5367,4
5368,4
5369,7
5370,5
5371,4
5372,4
5373,5
5374,4
5375,7
5376,7
5377,5
5378,5
5379,7
5380,7
5381,5
5382,5
5383,5
5384,7
5385,5
5386,7
5387,6
5388,7
5389,5
5390,5
5391,5
5392,7
5393,7
5394,4
5395,4
5396,7
5397,7
5398,4
5399,4
5400,4
5401,7
5402,4
5403,4
5404,4
5405,4
5406,4
5407,7
5408,4
5409,7
5410,4
5411,7
5412,7
5413,7
5414,5
5415,7
5416,4
5417,4
5418,7
5419,7
5420,4
5421,4
5422,4
5423,4
5424,4
5425,4
5426,7
5427,4
5428,7
5429,7
5430,5
5431,7
5432,4
5433,4
5434,7
5435,4
5436,4
5437,7
5438,4
5439,5
5440,7
5441,7
5442,4
5443,4
5444,4
5445,4
5446,4
5447,4
5448,4
5449,4
5450,5
5451,5
5452,5
5453,4
5454,7
5455,5
5456,4
5457,4
5458,5
5459,7
5460,5
5461,4
5462,4
5463,4
5464,7
5465,4
5466,5
5467,4
5468,4
5469,7
5470,7
5471,4
5472,7
5473,5
5474,7
5475,7
5476,7
5477,7
5478,5
5479,5
5480,5
5481,7
5482,5
5483,5
5484,7
5485,5
5486,7
5487,5
5488,5
5489,5
5490,5
5491,5
5492,7
5493,4
5494,7
5495,4
5496,7
5497,4
5498,4
5499,5
5500,7
5501,4
5502,7
5503,7
5504,4
5505,4
5506,7
5507,7
5508,4
5509,6
5510,4
5511,4
5512,4
5513,7
5514,7
5515,7
5516,4
5517,4
5518,7
5519,4
5520,4
5521,7
5522,4
5523,7
5524,4
5525,4
5526,4
5527,7
5528,4
5529,4
5530,4
5531,7
5532,4
5533,4
5534,4
5535,4
5536,4
5537,7
5538,4
5539,4
5540,7
5541,4
5542,5
5543,4
5544,4
5545,7
5546,4
5547,5
5548,5
5549,4
5550,4
5551,4
5552,4
5553,7
5554,5
5555,4
5556,7
5557,4
5558,7
5559,7
5560,7
5561,4
5562,5
5563,5
5564,4
5565,7
5566,7
5567,7
5568,4
5569,5
5570,7
5571,4
5572,4
5573,7
5574,4
5575,4
5576,4
5577,7
5578,4
5579,4
5580,4
5581,7
5582,4
5583,4
5584,7
5585,4
5586,7
5587,4
5588,7
5589,7
5590,4
5591,7
5592,4
5593,7
5594,7
5595,4
5596,4
5597,5
5598,5
5599,4
5600,4
5601,4
5602,7
5603,7
5604,4
5605,4
5606,4
5607,4
5608,4
5609,4
5610,7
5611,4
5612,7
5613,4
5614,4
5615,4
5616,4
5617,4
5618,7
5619,7
5620,4
5621,7
5622,4
5623,4
5624,4
5625,7
5626,5
5627,4
5628,7
5629,4
5630,4
5631,4
5632,4
5633,7
5634,4
5635,4
5636,4
5637,4
5638,5
5639,5
5640,5
5641,5
5642,7
5643,7
5644,4
5645,7
5646,7
5647,4
5648,5
5649,7
5650,5
5651,7
5652,5
5653,5
5654,5
5655,7
5656,5
5657,7
5658,7
5659,7
5660,4
5661,4
5662,5
5663,7
5664,7
5665,4
5666,4
5667,7
5668,4
5669,7
5670,7
5671,5
5672,4
5673,4
5674,7
5675,4
5676,4
5677,4
5678,7
5679,4
5680,6
5681,4
5682,4
5683,4
5684,7
5685,4
5686,4
5687,4
5688,4
5689,7
5690,4
5691,7
5692,4
5693,4
5694,4
5695,4
5696,7
5697,4
5698,4
5699,4
5700,7
5701,4
5702,4
5703,4
5704,7
5705,5
5706,5
5707,4
5708,4
5709,7
5710,4
5711,4
5712,7
5713,4
5714,4
5715,4
5716,7
5717,5
5718,4
5719,4
5720,4
5721,5
5722,4
5723,5
5724,4
5725,7
5726,5
5727,7
5728,4
5729,4
5730,7
5731,4
5732,7
5733,7
5734,5
5735,7
5736,7
5737,5
5738,7
5739,4
5740,7
5741,6
5742,7
5743,7
5744,5
5745,6
5746,7
5747,6
5748,7
5749,7
5750,5
5751,7
5752,7
5753,5
5754,7
5755,7
5756,7
5757,7
5758,4
5759,7
5760,4
5761,7
5762,7
5763,5
5764,4
5765,4
5766,4
5767,5
5768,7
5769,4
5770,4
5771,4
5772,4
5773,7
5774,4
5775,7
5776,4
5777,7
5778,4
5779,4
5780,4
5781,4
5782,7
5783,4
5784,5
5785,4
5786,4
5787,4
5788,4
5789,4
5790,7
5791,4
5792,5
5793,4
5794,4
5795,5
5796,4
5797,5
5798,4
5799,4
5800,4
5801,4
5802,7
5803,5
5804,4
5805,5
5806,4
5807,7
5808,7
5809,5
5810,7
5811,5
5812,5
5813,7
5814,5
5815,7
5816,7
5817,5
5818,7
5819,7
5820,5
5821,7
5822,7
5823,7
5824,5
5825,5
5826,6
5827,5
5828,4
5829,7
5830,4
5831,7
5832,7
5833,5
5834,7
5835,7
5836,4
5837,7
5838,4
5839,4
5840,7
5841,7
5842,7
5843,7
5844,4
5845,4
5846,7
5847,4
5848,7
5849,7
5850,4
5851,4
5852,7
5853,4
5854,4
5855,4
5856,4
5857,7
5858,7
5859,7
5860,4
5861,4
5862,4
5863,4
5864,4
5865,7
5866,7
5867,4
5868,4
5869,7
5870,4
5871,7
5872,4
5873,4
5874,4
5875,4
5876,4
5877,4
5878,4
5879,4
5880,7
5881,4
5882,5
5883,4
5884,5
5885,4
5886,4
5887,4
5888,7
5889,4
5890,4
5891,4
5892,4
5893,7
5894,5
5895,4
5896,4
5897,4
5898,7
5899,7
5900,7
5901,7
5902,4
5903,7
5904,7
5905,5
5906,5
5907,5
5908,5
5909,4
5910,7
5911,4
5912,7
5913,7
5914,6
5915,7
5916,5
5917,7
5918,7
5919,4
5920,5
5921,7
5922,7
5923,7
5924,7
5925,7
5926,7
5927,7
5928,4
5929,7
5930,4
5931,4
5932,7
5933,7
5934,7
5935,4
5936,4
5937,4
5938,4
5939,4
5940,4
5941,4
5942,4
5943,4
5944,7
5945,7
5946,4
5947,4
5948,4
5949,4
5950,4
5951,7
5952,4
5953,7
5954,7
5955,4
5956,7
5957,4
5958,7
5959,5
5960,4
5961,4
5962,4
5963,5
5964,4
5965,4
5966,7
5967,4
5968,4
5969,7
5970,4
5971,4
5972,4
5973,4
5974,4
5975,4
5976,4
5977,4
5978,4
5979,4
5980,7
5981,4
5982,4
5983,7
5984,7
5985,4
5986,4
5987,4
5988,4
5989,7
5990,4
5991,4
5992,7
5993,4
5994,5
5995,7
5996,5
5997,4
5998,4
5999,7
6000,5
6001,7
6002,7
6003,4
6004,5
6005,4
6006,4
6007,5
6008,4
6009,4
6010,4
6011,7
6012,5
6013,4
6014,4
6015,7
6016,4
6017,7
6018,7
6019,5
6020,7
6021,7
6022,7
6023,7
6024,4
6025,7
6026,4
6027,7
6028,7
6029,7
6030,5
6031,7
6032,5
6033,7
6034,7
6035,7
6036,4
6037,7
6038,7
6039,4
6040,4
6041,7
6042,7
6043,4
6044,4
6045,4
6046,5
6047,7
6048,4
6049,4
6050,7
6051,7
6052,7
6053,7
6054,4
6055,7
6056,4
6057,4
6058,4
6059,7
6060,4
6061,7
6062,7
6063,4
6064,4
6065,7
6066,4
6067,5
6068,4
6069,4
6070,4
6071,4
6072,4
6073,4
6074,4
6075,7
6076,4
6077,4
6078,7
6079,4
6080,4
6081,4
6082,4
6083,7
6084,7
6085,4
6086,4
6087,7
6088,7
6089,4
6090,4
6091,7
6092,4
6093,4
6094,5
6095,4
6096,4
6097,7
6098,4
6099,4
6100,4
6101,4
6102,4
6103,4
6104,5
6105,4
6106,5
6107,4
6108,7
6109,5
6110,4
6111,4
6112,7
6113,5
6114,7
6115,7
6116,5
6117,7
6118,7
6119,7
6120,7
6121,5
6122,7
6123,7
6124,4
6125,7
6126,7
6127,7
6128,4
6129,7
6130,4
6131,7
6132,4
6133,7
6134,4
6135,4
6136,4
6137,7
6138,7
6139,4
6140,4
6141,7
6142,7
6143,4
6144,4
6145,4
6146,4
6147,4
6148,4
6149,4
6150,4
6151,7
6152,5
6153,7
6154,7
6155,4
6156,4
6157,7
6158,7
6159,7
6160,4
6161,4
6162,4
6163,4
6164,4
6165,4
6166,7
6167,4
6168,7
6169,7
6170,4
6171,7
6172,4
6173,4
6174,4
6175,4
6176,4
6177,7
6178,7
6179,5
6180,7
6181,5
6182,4
6183,5
6184,4
6185,7
6186,7
6187,7
6188,5
6189,7
6190,7
6191,7
6192,5
6193,7
6194,7
6195,5
6196,5
6197,5
6198,7
6199,7
6200,5
6201,5
6202,5
6203,5
6204,7
6205,7
6206,5
6207,7
6208,6
6209,4
6210,5
6211,5
6212,5
6213,4
6214,5
6215,5
6216,7
6217,6
6218,7
6219,5
6220,4
6221,5
6222,7
6223,4
6224,7
6225,4
6226,4
6227,7
6228,7
6229,4
6230,4
6231,4
6232,5
6233,7
6234,4
6235,4
6236,4
6237,4
6238,4
6239,7
6240,4
6241,7
6242,4
6243,7
6244,4
6245,5
6246,7
6247,7
6248,7
6249,4
6250,4
6251,4
6252,4
6253,4
6254,4
6255,7
6256,7
6257,7
6258,4
6259,7
6260,7
6261,7
6262,4
6263,7
6264,7
6265,7
6266,7
6267,4
6268,4
6269,7
6270,4
6271,7
6272,7
6273,4
6274,7
6275,7
6276,7
6277,7
6278,4
6279,7
6280,5
6281,7
6282,7
6283,7
6284,4
6285,7
6286,4
6287,7
6288,5
6289,7
6290,5
6291,7
6292,7
6293,7
6294,7
6295,6
6296,7
6297,7
6298,7
6299,5
6300,5
6301,7
6302,7
6303,7
6304,5
6305,7
6306,6
6307,7
6308,7
6309,7
6310,5
6311,7
6312,7
6313,5
6314,4
6315,7
6316,7
6317,7
6318,5
6319,4
6320,4
6321,7
6322,5
6323,6
6324,6
6325,5
6326,7
6327,7
6328,7
6329,6
6330,5
6331,7
6332,7
6333,5
6334,7
6335,7
6336,6
6337,5
6338,7
6339,7
6340,5
6341,6
6342,6
6343,7
6344,5
6345,6
6346,7
6347,5
6348,7
6349,4
6350,4
6351,6
6352,7
6353,7
6354,7
6355,7
6356,7
6357,7
6358,5
6359,6
6360,7
6361,4
6362,7
6363,6
6364,7
6365,7
6366,7
6367,5
6368,7
6369,5
6370,7
6371,7
6372,7
6373,7
6374,7
6375,4
6376,7
6377,7
6378,7
6379,6
6380,7
6381,7
6382,7
6383,7
6384,4
6385,4
6386,7
6387,7
6388,7
6389,7
6390,7
6391,4
6392,4
6393,7
6394,7
6395,5
6396,7
6397,4
6398,7
6399,7
6400,6
6401,7
6402,5
6403,5
6404,7
6405,7
6406,7
6407,7
6408,7
6409,7
6410,7
6411,7
6412,7
6413,7
6414,7
6415,4
6416,7
6417,6
6418,7
6419,6
6420,7
6421,4
6422,7
6423,7
6424,7
6425,4
6426,7
6427,6
6428,7
6429,7
6430,7
6431,4
6432,7
6433,7
6434,7
6435,4
6436,7
6437,7
6438,4
6439,7
6440,7
6441,7
6442,7
6443,7
6444,7
6445,7
6446,7
6447,7
6448,7
6449,7
6450,6
6451,7
6452,7
6453,7
6454,4
6455,7
6456,7
6457,4
6458,7
6459,7
6460,7
6461,4
6462,7
6463,7
6464,5
6465,7
6466,7
6467,7
6468,7
6469,7
6470,7
6471,7
6472,7
6473,7
6474,7
6475,7
6476,7
6477,4
6478,7
6479,7
6480,4
6481,7
6482,7
6483,7
6484,7
6485,7
6486,6
6487,7
6488,7
6489,7
6490,7
6491,7
6492,7
6493,7
6494,7
6495,7
6496,7
6497,7
6498,6
6499,7
6500,7
6501,7
6502,6
6503,7
6504,7
6505,7
6506,7
6507,7
6508,5
6509,7
6510,6
6511,7
6512,7
6513,7
6514,7
6515,7
6516,7
6517,7
6518,6
6519,7
6520,7
6521,7
6522,6
6523,4
6524,7
6525,7
6526,5
6527,7
6528,7
6529,5
6530,6
6531,7
6532,7
6533,7
6534,7
6535,7
6536,6
6537,7
6538,6
6539,7
6540,7
6541,7
6542,7
6543,6
6544,7
6545,7
6546,7
6547,5
6548,7
6549,7
6550,7
6551,6
6552,7
6553,6
6554,7
6555,7
6556,7
6557,7
6558,7
6559,7
6560,7
6561,7
6562,5
6563,7
6564,1
6565,7
6566,7
6567,7
6568,7
6569,7
6570,7
6571,7
6572,7
6573,7
6574,7
6575,7
6576,7
6577,7
6578,5
6579,7
6580,7
6581,7
6582,7
6583,7
6584,7
6585,7
6586,7
6587,7
6588,7
6589,7
6590,7
6591,7
6592,7
6593,7
6594,7
6595,7
6596,7
6597,7
6598,7
6599,7
6600,7
6601,7
6602,7
6603,7
6604,7
6605,7
6606,5
6607,7
6608,7
6609,7
6610,7
6611,7
6612,7
6613,7
6614,4
6615,6
6616,7
6617,5
6618,7
6619,7
6620,7
6621,7
6622,7
6623,7
6624,7
6625,7
6626,7
6627,5
6628,7
6629,6
6630,5
6631,7
6632,7
6633,5
6634,7
6635,7
6636,7
6637,7
6638,7
6639,7
6640,7
6641,6
6642,7
6643,7
6644,7
6645,7
6646,7
6647,7
6648,7
6649,6
6650,7
6651,7
6652,1
6653,7
6654,7
6655,7
6656,7
6657,7
6658,7
6659,7
6660,7
6661,7
6662,7
6663,7
6664,7
6665,6
6666,7
6667,7
6668,7
6669,7
6670,7
6671,7
6672,7
6673,5
6674,7
6675,7
6676,6
6677,7
6678,7
6679,7
6680,7
6681,7
6682,7
6683,7
6684,7
6685,7
6686,7
6687,7
6688,7
6689,4
6690,7
6691,7
6692,7
6693,7
6694,7
6695,7
6696,7
6697,7
6698,7
6699,7
6700,7
6701,7
6702,7
6703,7
6704,7
6705,7
6706,7
6707,7
6708,7
6709,7
6710,7
6711,7
6712,7
6713,7
6714,7
6715,7
6716,6
6717,7
6718,7
6719,7
6720,4
6721,7
6722,6
6723,6
6724,6
6725,6
6726,6
6727,7
6728,7
6729,7
6730,7
6731,7
6732,5
6733,7
6734,7
6735,7
6736,7
6737,7
6738,7
6739,7
6740,7
6741,7
6742,7
6743,7
6744,7
6745,7
6746,7
6747,7
6748,7
6749,7
6750,7
6751,7
6752,7
6753,7
6754,7
6755,7
6756,7
6757,7
6758,7
6759,7
6760,7
6761,7
6762,7
6763,7
6764,5
6765,7
6766,7
6767,5
6768,7
6769,5
6770,7
6771,7
6772,7
6773,7
6774,7
6775,7
6776,7
6777,7
6778,5
6779,7
6780,4
6781,5
6782,7
6783,6
6784,7
6785,7
6786,7
6787,7
6788,7
6789,7
6790,7
6791,7
6792,7
6793,7
6794,7
6795,7
6796,7
6797,7
6798,7
6799,7
6800,7
6801,7
6802,7
6803,7
6804,7
6805,7
6806,7
6807,6
6808,7
6809,4
6810,7
6811,4
6812,4
6813,5
6814,7
6815,4
6816,7
6817,5
6818,4
6819,4
6820,7
6821,6
6822,7
6823,7
6824,4
6825,7
6826,4
6827,7
6828,7
6829,4
6830,7
6831,7
6832,7
6833,7
6834,7
6835,7
6836,7
6837,5
6838,4
6839,4
6840,4
6841,6
6842,7
6843,7
6844,6
6845,6
6846,7
6847,7
6848,7
6849,7
6850,7
6851,7
6852,7
6853,6
6854,7
6855,4
6856,7
6857,7
6858,7
6859,7
6860,7
6861,7
6862,4
6863,7
6864,7
6865,7
6866,7
6867,7
6868,7
6869,4
6870,7
6871,7
6872,6
6873,4
6874,7
6875,7
6876,4
6877,7
6878,4
6879,7
6880,7
6881,4
6882,4
6883,5
6884,6
6885,6
6886,7
6887,4
6888,7
6889,6
6890,7
6891,4
6892,4
6893,7
6894,7
6895,7
6896,4
6897,7
6898,6
6899,7
6900,5
6901,7
6902,7
6903,7
6904,7
6905,6
6906,7
6907,7
6908,7
6909,7
6910,7
6911,7
6912,6
6913,4
6914,7
6915,7
6916,7
6917,7
6918,7
6919,7
6920,7
6921,7
6922,7
6923,7
6924,6
6925,4
6926,4
6927,7
6928,7
6929,7
6930,4
6931,4
6932,7
6933,7
6934,6
6935,4
6936,7
6937,7
6938,7
6939,4
6940,7
6941,6
6942,6
6943,7
6944,4
6945,7
6946,7
6947,7
6948,7
6949,6
6950,7
6951,7
6952,4
6953,7
6954,4
6955,4
6956,7
6957,7
6958,7
6959,7
6960,7
6961,7
6962,7
6963,5
6964,7
6965,7
6966,7
6967,7
6968,7
6969,6
6970,7
6971,7
6972,7
6973,7
6974,7
6975,7
6976,6
6977,7
6978,7
6979,4
6980,6
6981,7
6982,7
6983,7
6984,7
6985,7
6986,7
6987,6
6988,7
6989,7
6990,7
6991,4
6992,7
6993,6
6994,7
6995,6
6996,7
6997,7
6998,7
6999,7
7000,7
7001,7
7002,7
7003,7
7004,7
7005,6
7006,4
7007,7
7008,7
7009,7
7010,7
7011,7
7012,7
7013,4
7014,4
7015,7
7016,4
7017,7
7018,4
7019,6
7020,4
7021,7
7022,7
7023,4
7024,7
7025,7
7026,7
7027,7
7028,4
7029,4
7030,7
7031,7
7032,7
7033,7
7034,4
7035,7
7036,7
7037,7
7038,7
7039,7
7040,4
7041,4
7042,7
7043,4
7044,7
7045,7
7046,7
7047,4
7048,4
7049,6
7050,4
7051,4
7052,4
7053,7
7054,7
7055,4
7056,4
7057,5
7058,7
7059,6
7060,7
7061,7
7062,7
7063,7
7064,7
7065,4
7066,7
7067,7
7068,6
7069,7
7070,7
7071,7
7072,6
7073,7
7074,5
7075,7
7076,7
7077,7
7078,7
7079,7
7080,7
7081,7
7082,6
7083,7
7084,7
7085,7
7086,7
7087,7
7088,7
7089,6
7090,7
7091,6
7092,4
7093,7
7094,4
7095,4
7096,4
7097,7
7098,7
7099,7
7100,7
7101,4
7102,7
7103,4
7104,4
7105,7
7106,7
7107,6
7108,7
7109,7
7110,7
7111,7
7112,4
7113,6
7114,7
7115,7
7116,5
7117,7
7118,7
7119,7
7120,7
7121,6
7122,5
7123,7
7124,7
7125,7
7126,7
7127,6
7128,5
7129,5
7130,7
7131,7
7132,7
7133,5
7134,7
7135,7
7136,5
7137,7
7138,6
7139,5
7140,5
7141,4
7142,6
7143,4
7144,4
7145,7
7146,4
7147,4
7148,6
7149,4
7150,6
7151,7
7152,7
7153,6
7154,4
7155,7
7156,7
7157,4
7158,7
7159,4
7160,4
7161,4
7162,7
7163,4
7164,4
7165,4
7166,7
7167,7
7168,4
7169,2
7170,7
7171,2
7172,2
7173,2
7174,2
7175,2
7176,2
7177,2
7178,7
7179,2
7180,2
7181,7
7182,2
7183,2
7184,2
7185,2
7186,2
7187,2
7188,2
7189,2
7190,2
7191,2
7192,2
7193,2
7194,2
7195,2
7196,2
7197,2
7198,2
7199,2
7200,2
7201,2
7202,2
7203,2
7204,2
7205,2
7206,2
7207,2
7208,2
7209,2
7210,2
7211,2
7212,2
7213,2
7214,2
7215,2
7216,2
7217,2
7218,2
7219,2
7220,2
7221,2
7222,2
7223,2
7224,2
7225,7
7226,2
7227,2
7228,7
7229,2
7230,7
7231,2
7232,2
7233,2
7234,2
7235,2
7236,2
7237,2
7238,2
7239,2
7240,2
7241,2
7242,2
7243,7
7244,2
7245,2
7246,2
7247,2
7248,2
7249,7
7250,2
7251,2
7252,2
7253,2
7254,2
7255,2
7256,2
7257,2
7258,7
7259,2
7260,2
7261,2
7262,2
7263,2
7264,7
7265,2
7266,2
7267,2
7268,2
7269,2
7270,2
7271,2
7272,2
7273,2
7274,2
7275,7
7276,2
7277,2
7278,2
7279,2
7280,2
7281,2
7282,2
7283,2
7284,2
7285,2
7286,2
7287,2
7288,2
7289,2
7290,2
7291,7
7292,2
7293,7
7294,2
7295,2
7296,2
7297,2
7298,7
7299,2
7300,2
7301,5
7302,2
7303,2
7304,2
7305,2
7306,2
7307,2
7308,7
7309,7
7310,2
7311,2
7312,2
7313,2
7314,2
7315,7
7316,2
7317,2
7318,2
7319,2
7320,5
7321,2
7322,2
7323,2
7324,2
7325,2
7326,2
7327,2
7328,2
7329,2
7330,2
7331,2
7332,2
7333,2
7334,2
7335,2
7336,7
7337,2
7338,2
7339,2
7340,2
7341,2
7342,2
7343,2
7344,2
7345,2
7346,7
7347,7
7348,2
7349,2
7350,2
7351,2
7352,2
7353,2
7354,2
7355,2
7356,7
7357,2
7358,2
7359,7
7360,2
7361,2
7362,2
7363,2
7364,7
7365,2
7366,2
7367,2
7368,2
7369,2
7370,7
7371,2
7372,2
7373,2
7374,2
7375,2
7376,2
7377,2
7378,2
7379,2
7380,2
7381,2
7382,2
7383,7
7384,2
7385,2
7386,2
7387,2
7388,2
7389,7
7390,2
7391,2
7392,2
7393,2
7394,7
7395,2
7396,2
7397,2
7398,2
7399,7
7400,2
7401,2
7402,2
7403,2
7404,7
7405,2
7406,2
7407,2
7408,2
7409,2
7410,2
7411,2
7412,2
7413,2
7414,2
7415,7
7416,2
7417,2
7418,2
7419,7
7420,2
7421,2
7422,2
7423,2
7424,2
7425,2
7426,2
7427,2
7428,2
7429,2
7430,2
7431,2
7432,2
7433,2
7434,2
7435,2
7436,2
7437,7
7438,2
7439,2
7440,2
7441,7
7442,7
7443,2
7444,2
7445,2
7446,2
7447,2
7448,2
7449,2
7450,2
7451,2
7452,2
7453,2
7454,7
7455,2
7456,2
7457,2
7458,2
7459,2
7460,2
7461,2
7462,2
7463,2
7464,2
7465,2
7466,2
7467,2
7468,2
7469,2
7470,2
7471,2
7472,2
7473,2
7474,2
7475,2
7476,2
7477,2
7478,2
7479,2
7480,2
7481,2
7482,2
7483,2
7484,2
7485,2
7486,7
7487,2
7488,2
7489,2
7490,2
7491,2
7492,2
7493,2
7494,2
7495,2
7496,2
7497,2
7498,2
7499,2
7500,2
7501,2
7502,7
7503,2
7504,7
7505,7
7506,2
7507,2
7508,2
7509,2
7510,2
7511,7
7512,2
7513,7
7514,2
7515,2
7516,2
7517,2
7518,2
7519,2
7520,7
7521,2
7522,2
7523,7
7524,2
7525,7
7526,7
7527,2
7528,2
7529,2
7530,2
7531,2
7532,2
7533,2
7534,2
7535,2
7536,7
7537,7
7538,7
7539,2
7540,2
7541,7
7542,2
7543,2
7544,7
7545,7
7546,2
7547,2
7548,2
7549,2
7550,2
7551,2
7552,7
7553,2
7554,7
7555,7
7556,7
7557,7
7558,2
7559,7
7560,7
7561,2
7562,2
7563,2
7564,7
7565,7
7566,7
7567,7
7568,2
7569,7
7570,2
7571,2
7572,7
7573,2
7574,2
7575,7
7576,2
7577,2
7578,2
7579,2
7580,7
7581,7
7582,7
7583,2
7584,2
7585,2
7586,2
7587,2
7588,5
7589,2
7590,2
7591,7
7592,7
7593,7
7594,2
7595,2
7596,7
7597,2
7598,2
7599,2
7600,2
7601,2
7602,2
7603,2
7604,7
7605,2
7606,2
7607,6
7608,2
7609,7
7610,2
7611,7
7612,2
7613,2
7614,2
7615,7
7616,7
7617,2
7618,2
7619,2
7620,7
7621,2
7622,2
7623,2
7624,7
7625,7
7626,7
7627,2
7628,2
7629,2
7630,2
7631,7
7632,7
7633,2
7634,2
7635,2
7636,2
7637,2
7638,2
7639,2
7640,2
7641,2
7642,2
7643,2
7644,2
7645,2
7646,2
7647,2
7648,7
7649,2
7650,2
7651,7
7652,2
7653,2
7654,2
7655,2
7656,2
7657,2
7658,7
7659,2
7660,2
7661,7
7662,7
7663,7
7664,2
7665,2
7666,2
7667,6
7668,2
7669,2
7670,5
7671,7
7672,7
7673,2
7674,2
7675,2
7676,2
7677,2
7678,7
7679,7
7680,7
7681,7
7682,7
7683,2
7684,6
7685,7
7686,2
7687,2
7688,2
7689,2
7690,2
7691,2
7692,2
7693,7
7694,2
7695,2
7696,2
7697,7
7698,7
7699,7
7700,2
7701,2
7702,2
7703,2
7704,2
7705,7
7706,2
7707,2
7708,2
7709,2
7710,7
7711,2
7712,2
7713,2
7714,2
7715,7
7716,7
7717,7
7718,2
7719,7
7720,2
7721,7
7722,7
7723,7
7724,2
7725,7
7726,2
7727,2
7728,2
7729,2
7730,2
7731,2
7732,2
7733,7
7734,7
7735,7
7736,2
7737,2
7738,2
7739,2
7740,7
7741,2
7742,2
7743,6
7744,2
7745,2
7746,2
7747,2
7748,2
7749,2
7750,2
7751,2
7752,2
7753,7
7754,2
7755,2
7756,2
7757,2
7758,2
7759,7
7760,7
7761,2
7762,2
7763,2
7764,2
7765,2
7766,2
7767,7
7768,2
7769,6
7770,7
7771,2
7772,2
7773,7
7774,7
7775,2
7776,2
7777,7
7778,6
7779,2
7780,2
7781,2
7782,7
7783,2
7784,2
7785,7
7786,2
7787,7
7788,2
7789,2
7790,2
7791,2
7792,2
7793,2
7794,2
7795,2
7796,2
7797,2
7798,7
7799,2
7800,2
7801,2
7802,2
7803,2
7804,2
7805,7
7806,2
7807,2
7808,2
7809,2
7810,2
7811,2
7812,2
7813,2
7814,2
7815,2
7816,2
7817,2
7818,2
7819,2
7820,2
7821,2
7822,2
7823,2
7824,2
7825,2
7826,2
7827,2
7828,2
7829,7
7830,2
7831,2
7832,2
7833,2
7834,6
7835,7
7836,2
7837,2
7838,2
7839,2
7840,2
7841,2
7842,6
7843,2
7844,2
7845,2
7846,7
7847,2
7848,2
7849,2
7850,2
7851,2
7852,2
7853,2
7854,2
7855,2
7856,2
7857,2
7858,2
7859,2
7860,2
7861,2
7862,2
7863,2
7864,2
7865,2
7866,2
7867,2
7868,2
7869,2
7870,2
7871,2
7872,2
7873,2
7874,2
7875,2
7876,2
7877,2
7878,2
7879,2
7880,2
7881,2
7882,2
7883,2
7884,2
7885,2
7886,2
7887,2
7888,7
7889,2
7890,2
7891,2
7892,2
7893,2
7894,2
7895,2
7896,2
7897,2
7898,2
7899,2
7900,2
7901,2
7902,2
7903,2
7904,2
7905,2
7906,2
7907,2
7908,2
7909,7
7910,2
7911,2
7912,7
7913,2
7914,2
7915,2
7916,2
7917,2
7918,2
7919,2
7920,2
7921,2
7922,2
7923,2
7924,2
7925,2
7926,7
7927,2
7928,2
7929,2
7930,2
7931,2
7932,2
7933,2
7934,2
7935,2
7936,2
7937,2
7938,2
7939,2
7940,2
7941,2
7942,2
7943,2
7944,2
7945,2
7946,2
7947,2
7948,2
7949,2
7950,2
7951,2
7952,2
7953,2
7954,7
7955,2
7956,2
7957,2
7958,2
7959,2
7960,2
7961,7
7962,2
7963,2
7964,2
7965,2
7966,2
7967,2
7968,2
7969,2
7970,2
7971,2
7972,2
7973,2
7974,2
7975,7
7976,2
7977,2
7978,7
7979,7
7980,7
7981,7
7982,7
7983,7
7984,7
7985,7
7986,7
7987,7
7988,7
7989,7
7990,7
7991,7
7992,7
7993,7
7994,7
7995,7
7996,7
7997,7
7998,7
7999,7
8000,7
8001,7
8002,7
8003,7
8004,7
8005,7
8006,7
8007,7
8008,7
8009,7
8010,7
8011,7
8012,7
8013,7
8014,7
8015,7
8016,7
8017,7
8018,7
8019,7
8020,7
8021,7
8022,7
8023,7
8024,6
8025,7
8026,7
8027,7
8028,7
8029,7
8030,7
8031,7
8032,7
8033,7
8034,7
8035,7
8036,7
8037,7
8038,7
8039,7
8040,7
8041,7
8042,7
8043,7
8044,6
8045,7
8046,7
8047,7
8048,7
8049,7
8050,7
8051,7
8052,7
8053,7
8054,7
8055,7
8056,7
8057,7
8058,7
8059,7
8060,7
8061,7
8062,7
8063,7
8064,7
8065,7
8066,7
8067,7
8068,7
8069,7
8070,5
8071,7
8072,7
8073,7
8074,7
8075,7
8076,7
8077,7
8078,7
8079,7
8080,7
8081,7
8082,7
8083,7
8084,7
8085,7
8086,7
8087,6
8088,7
8089,6
8090,7
8091,7
8092,7
8093,7
8094,7
8095,7
8096,7
8097,7
8098,7
8099,6
8100,7
8101,7
8102,7
8103,7
8104,7
8105,7
8106,7
8107,7
8108,7
8109,7
8110,7
8111,7
8112,7
8113,6
8114,7
8115,7
8116,7
8117,7
8118,7
8119,7
8120,7
8121,7
8122,7
8123,7
8124,7
8125,7
8126,7
8127,7
8128,7
8129,7
8130,7
8131,7
8132,7
8133,7
8134,7
8135,7
8136,7
8137,7
8138,7
8139,7
8140,7
8141,7
8142,7
8143,7
8144,7
8145,7
8146,7
8147,7
8148,7
8149,7
8150,7
8151,7
8152,7
8153,7
8154,6
8155,7
8156,7
8157,7
8158,6
8159,6
8160,7
8161,6
8162,7
8163,6
8164,7
8165,7
8166,6
8167,7
8168,7
8169,7
8170,6
8171,7
8172,7
8173,6
8174,7
8175,6
8176,7
8177,6
8178,7
8179,7
8180,6
8181,6
8182,6
8183,6
8184,6
8185,6
8186,7
8187,7
8188,6
8189,6
8190,7
8191,7
8192,7
8193,6
8194,6
8195,6
8196,7
8197,7
8198,7
8199,7
8200,7
8201,7
8202,7
8203,7
8204,7
8205,7
8206,7
8207,7
8208,7
8209,7
8210,7
8211,7
8212,7
8213,7
8214,7
8215,7
8216,7
8217,7
8218,7
8219,7
8220,7
8221,7
8222,7
8223,7
8224,7
8225,7
8226,7
8227,7
8228,6
8229,7
8230,7
8231,7
8232,7
8233,7
8234,7
8235,7
8236,7
8237,7
8238,7
8239,7
8240,7
8241,7
8242,7
8243,7
8244,7
8245,7
8246,7
8247,7
8248,7
8249,7
8250,7
8251,7
8252,7
8253,7
8254,7
8255,7
8256,7
8257,7
8258,7
8259,7
8260,7
8261,7
8262,7
8263,7
8264,7
8265,5
8266,5
8267,5
8268,7
8269,7
8270,7
8271,7
8272,7
8273,7
8274,7
8275,7
8276,5
8277,7
8278,7
8279,7
8280,7
8281,7
8282,7
8283,7
8284,7
8285,7
8286,7
8287,7
8288,7
8289,7
8290,4
8291,7
8292,7
8293,7
8294,7
8295,7
8296,7
8297,7
8298,7
8299,7
8300,7
8301,7
8302,7
8303,7
8304,7
8305,7
8306,7
8307,7
8308,7
8309,7
8310,7
8311,7
8312,7
8313,7
8314,6
8315,7
8316,7
8317,7
8318,7
8319,7
8320,7
8321,7
8322,7
8323,7
8324,7
8325,7
8326,7
8327,7
8328,7
8329,7
8330,7
8331,7
8332,7
8333,7
8334,7
8335,7
8336,7
8337,7
8338,7
8339,7
8340,7
8341,7
8342,7
8343,7
8344,7
8345,7
8346,7
8347,7
8348,7
8349,7
8350,7
8351,7
8352,7
8353,7
8354,7
8355,7
8356,7
8357,7
8358,7
8359,7
8360,7
8361,5
8362,7
8363,7
8364,7
8365,7
8366,7
8367,7
8368,7
8369,7
8370,7
8371,7
8372,7
8373,7
8374,7
8375,7
8376,7
8377,7
8378,7
8379,7
8380,7
8381,7
8382,7
8383,7
8384,7
8385,7
8386,7
8387,7
8388,7
8389,7
8390,7
8391,7
8392,7
8393,7
8394,7
8395,7
8396,7
8397,7
8398,7
8399,7
8400,7
8401,7
8402,7
8403,7
8404,7
8405,7
8406,7
8407,7
8408,7
8409,7
8410,7
8411,7
8412,7
8413,7
8414,7
8415,7
8416,7
8417,7
8418,7
8419,7
8420,7
8421,7
8422,7
8423,7
8424,7
8425,7
8426,7
8427,7
8428,7
8429,7
8430,7
8431,7
8432,7
8433,7
8434,7
8435,7
8436,7
8437,7
8438,7
8439,7
8440,7
8441,7
8442,7
8443,7
8444,7
8445,7
8446,7
8447,7
8448,7
8449,5
8450,7
8451,7
8452,7
8453,7
8454,7
8455,7
8456,7
8457,7
8458,5
8459,7
8460,7
8461,7
8462,7
8463,5
8464,7
8465,7
8466,7
8467,7
8468,7
8469,7
8470,7
8471,7
8472,7
8473,7
8474,7
8475,7
8476,7
8477,7
8478,7
8479,7
8480,7
8481,7
8482,7
8483,7
8484,7
8485,6
8486,6
8487,7
8488,7
8489,7
8490,7
8491,7
8492,7
8493,7
8494,7
8495,7
8496,7
8497,7
8498,7
8499,7
8500,7
8501,7
8502,7
8503,7
8504,7
8505,6
8506,7
8507,7
8508,7
8509,7
8510,6
8511,6
8512,6
8513,6
8514,7
8515,7
8516,7
8517,7
8518,7
8519,7
8520,7
8521,7
8522,7
8523,7
8524,7
8525,7
8526,7
8527,7
8528,7
8529,7
8530,7
8531,7
8532,7
8533,7
8534,7
8535,7
8536,7
8537,7
8538,7
8539,7
8540,7
8541,7
8542,7
8543,7
8544,7
8545,7
8546,7
8547,7
8548,7
8549,7
8550,7
8551,7
8552,6
8553,7
8554,7
8555,7
8556,7
8557,7
8558,7
8559,6
8560,7
8561,7
8562,7
8563,7
8564,6
8565,7
8566,7
8567,7
8568,7
8569,7
8570,7
8571,6
8572,7
8573,7
8574,7
8575,7
8576,7
8577,7
8578,7
8579,7
8580,7
